title _txt,(USC) agreement _boolean,(TP) agreement
TERMS & CONDITIONS,2,"2 Je sous-signé Aymard AppAdmin reconnaît avoir lu et accepté pleinement les termes d'utilisation de la présente application.

Website Terms of Use Agreement

This Website Terms of Use Agreement (the ""Agreement"") is entered into between [Your Name] (""Website Owner"" or ""we"") and the users (""Users"" or ""you"") of the website [Your Website URL] (the ""Website""). This Agreement sets forth the rights and duties of Users in connection with their use of the Website.

1. Acceptance of Terms
By accessing and using the Website, you acknowledge that you have read, understood, and agree to be bound by the terms and conditions of this Agreement. If you do not agree to these terms, please refrain from using the Website.

2. Intellectual Property Rights
a. Ownership: The Website and all its contents, including but not limited to text, graphics, images, videos, software, and prototypes of digital tools (collectively, the ""Content""), are the sole property of the Website Owner, protected by intellectual property laws and international treaties.
b. Limited License: The Website Owner grants you a limited, non-exclusive, non-transferable, revocable license to access and use the Website and its Content for personal, non-commercial purposes. You may not copy, modify, distribute, display, transmit, perform, reproduce, publish, license, create derivative works from, transfer, or sell any part of the Content without the prior written consent of the Website Owner.

3. User Conduct
a. Compliance: You agree to use the Website in compliance with all applicable laws and regulations. You shall not engage in any activity that may disrupt or interfere with the proper functioning of the Website or infringe upon the rights of the Website Owner or any third party.
b. Prohibited Actions: Without limiting the generality of the foregoing, you shall not:
   - Use the Website for any unlawful or fraudulent purpose.
   - Collect or store personal information of other Users without their consent.
   - Transmit any viruses, malware, or other harmful code.
   - Engage in any activity that may damage, disable, or impair the Website or its underlying infrastructure.
   - Attempt to gain unauthorized access to any part of the Website.

4. Confidentiality of Prototyped Tools
By accessing and using the Website, you agree to keep strictly confidential all ideas, models, prototypes, and other intellectual property related to the prototyped digital tools presented on the Website. You shall not exploit these ideas, models, prototypes, or disclose them to any third party without the express written consent of the Website Owner. The obligation of confidentiality shall survive the termination or expiration of this Agreement.

5. Limitation of Liability
a. Disclaimer of Warranties: The Website and its Content are provided on an ""as is"" and ""as available"" basis, without any warranties of any kind, whether express or implied. The Website Owner disclaims all warranties, including but not limited to the implied warranties of merchantability, fitness for a particular purpose, and non-infringement.
b. Limitation of Liability: In no event shall the Website Owner be liable to you or any third party for any direct, indirect, incidental, special, or consequential damages arising out of or in connection with your use of the Website or its Content, regardless of the theory of liability (contract, tort, or otherwise), even if the Website Owner has been advised of the possibility of such damages.

6. Governing Law and Jurisdiction
This Agreement shall be governed by and construed in accordance with the laws of [Your Jurisdiction]. Any disputes arising out of or in connection with this Agreement shall be submitted to the exclusive jurisdiction of the courts of [Your Jurisdiction].

By using this Website, you acknowledge that you have read, understood, and agree to the terms and conditions of this Agreement. If you do not agree to these terms, please refrain from using the Website.

If you have any questions regarding this Agreement, please contact [Your Contact Information].

12/07/2026 11:12:25"