bckoff/ 🔒 id Function _txt,bckoff/ title Function _txt,bckoff/ id Macro-Function _txt,bckoff/ (LK) label Macro-Function ,stake/ (USC) order Function _txt,wkld/ (RU) # per Function,wkld/ (RU) # macroFunction,wkld/ (RU) # highest Function,wkld/ (IF) label highest Function,wkld/ (JL) label highest Function,AIpty/ (RU) # macroFunction,AIpty/ (RU) # theory pty,AIpty/ (RU) highest pty- # Function,AIpty/ (IF) highest pty- label Function,AIpty/ (JL) highest pty- label Function
Omp5ecCORbaLRzsokeLBNQ,Stratégie RH,my6VdsqMSt2govE7qBhx0w,RH,WZyV,"3693,4","3693,4","3693,4",Stratégie RH,Stratégie RH,"812,04","812,04","812,04",Stratégie RH,Stratégie RH
Rd.A9azLRSWDnKyDKrl9tA,Recrutement,my6VdsqMSt2govE7qBhx0w,RH,WZyl,0,"3693,4","3693,4",,Stratégie RH,"812,04",0,"812,04",,Stratégie RH
357YnctJT9KtOrXrWg7e9g,Compensation & benefits (C&B),my6VdsqMSt2govE7qBhx0w,RH,UzE,0,"3693,4","3693,4",,Stratégie RH,"812,04",0,"812,04",,Stratégie RH
mTQHgVfXTZOaKFG8N3ZpYw,Paie,my6VdsqMSt2govE7qBhx0w,RH,UzS,0,"3693,4","3693,4",,Stratégie RH,"812,04",0,"812,04",,Stratégie RH
GRFbBE.tScStEm.ctUoiIA,Gestion de la Performance,my6VdsqMSt2govE7qBhx0w,RH,Uz7,0,"3693,4","3693,4",,Stratégie RH,"812,04",0,"812,04",,Stratégie RH
Rxb.OKSTRJaB1sJNAsPPLQ,Développement des Carrières,my6VdsqMSt2govE7qBhx0w,RH,WZyG,0,"3693,4","3693,4",,Stratégie RH,"812,04",0,"812,04",,Stratégie RH
Xb.MXcL.SeORmPcvQHeS2g,Formation,my6VdsqMSt2govE7qBhx0w,RH,V,0,"3693,4","3693,4",,Stratégie RH,"812,04",0,"812,04",,Stratégie RH
4FkWRY6vRsmMPdRTqlrAoA,Communication RH,my6VdsqMSt2govE7qBhx0w,RH,WZzd,0,"3693,4","3693,4",,Stratégie RH,"812,04",0,"812,04",,Stratégie RH
tU7dohtpQ4yP501NNfnKNg,Relations Sociales,my6VdsqMSt2govE7qBhx0w,RH,WZzU,0,"3693,4","3693,4",,Stratégie RH,"812,04",0,"812,04",,Stratégie RH
kVF1.pVTQpKvHy5Alb3O-w,Processus et Outils RH,my6VdsqMSt2govE7qBhx0w,RH,Uzd,0,"3693,4","3693,4",,Stratégie RH,"812,04",0,"812,04",,Stratégie RH
bWbuzcfJR2y2f-5yUIw1ew,"Relations Employés (""HR BP"")",my6VdsqMSt2govE7qBhx0w,RH,,0,"3693,4","3693,4",,Stratégie RH,"812,04",0,"812,04",,Stratégie RH
sbS.L2o6SUW8qwEflCLtGQ,Gestion de la marque,N5zctJkaTZiQkQpKX5aL1w,Mkg & Communication,,0,"3693,4","3693,4",,Stratégie RH,"812,04",0,"812,04",,Stratégie RH
tvi6joHVSfizhcg9Qhv7vw,Marketing digital,N5zctJkaTZiQkQpKX5aL1w,Mkg & Communication,,0,"3693,4","3693,4",,Stratégie RH,"812,04",0,"812,04",,Stratégie RH
FxBUn86DSK2uVMgzcbRJQg,Études de marché,N5zctJkaTZiQkQpKX5aL1w,Mkg & Communication,,0,"3693,4","3693,4",,Stratégie RH,"812,04",0,"812,04",,Stratégie RH
nhh9wHAwS8ipGpje7besEA,Marketing produit,N5zctJkaTZiQkQpKX5aL1w,Mkg & Communication,,0,"3693,4","3693,4",,Stratégie RH,"812,04",0,"812,04",,Stratégie RH
wUetnwWkS3qNXxIKxAnuYg,Communication d'entreprise,N5zctJkaTZiQkQpKX5aL1w,Mkg & Communication,,0,"3693,4","3693,4",,Stratégie RH,"812,04",0,"812,04",,Stratégie RH
Ou1SILx2TleHoOJ958Zimw,Relations publiques,N5zctJkaTZiQkQpKX5aL1w,Mkg & Communication,,0,"3693,4","3693,4",,Stratégie RH,"812,04",0,"812,04",,Stratégie RH
A9AClY-BQ9mEe98OiRehgQ,Gestion d'événements,N5zctJkaTZiQkQpKX5aL1w,Mkg & Communication,,0,"3693,4","3693,4",,Stratégie RH,"812,04",0,"812,04",,Stratégie RH
oRuYFfuTQCmxwSFAQUyCTw,Création de contenu,N5zctJkaTZiQkQpKX5aL1w,Mkg & Communication,,0,"3693,4","3693,4",,Stratégie RH,"812,04",0,"812,04",,Stratégie RH
WfZMw3IATmaMvhbQ2c1x6Q,Gestion des médias sociaux,N5zctJkaTZiQkQpKX5aL1w,Mkg & Communication,,0,"3693,4","3693,4",,Stratégie RH,"812,04",0,"812,04",,Stratégie RH
z3Sf2FQXTEWVcKieyURhug,Analyse des comportements clients,N5zctJkaTZiQkQpKX5aL1w,Mkg & Communication,,0,"3693,4","3693,4",,Stratégie RH,"812,04",0,"812,04",,Stratégie RH
RZAtjTfaQQCeRz69A.KwgQ,Stratégie de vente,IZ1wMsupSRC0s9d-D1bOjw,Ventes,,0,"3693,4","3693,4",,Stratégie RH,"812,04",0,"812,04",,Stratégie RH
g83ZZsAbRc6ofvmehPWYiQ,Gestion des comptes,IZ1wMsupSRC0s9d-D1bOjw,Ventes,,0,"3693,4","3693,4",,Stratégie RH,"812,04",0,"812,04",,Stratégie RH
DYxpj4EVTc6sIbZvJnbMNA,Développement commercial,IZ1wMsupSRC0s9d-D1bOjw,Ventes,,0,"3693,4","3693,4",,Stratégie RH,"812,04",0,"812,04",,Stratégie RH
TVrqBjqVTOKxGD4KWG6nGw,Gestion des canaux de distribution,IZ1wMsupSRC0s9d-D1bOjw,Ventes,,0,"3693,4","3693,4",,Stratégie RH,"812,04",0,"812,04",,Stratégie RH
E49G3jSnS4q0XuKjuLfQLw,Opérations de vente,IZ1wMsupSRC0s9d-D1bOjw,Ventes,,0,"3693,4","3693,4",,Stratégie RH,"812,04",0,"812,04",,Stratégie RH
2d25ms5US3u1dF4IcVJ6TQ,Formation commerciale,IZ1wMsupSRC0s9d-D1bOjw,Ventes,,0,"3693,4","3693,4",,Stratégie RH,"812,04",0,"812,04",,Stratégie RH
LMI.PsItSsOPvDJt4oRsMA,Gestion de la relation client (CRM),IZ1wMsupSRC0s9d-D1bOjw,Ventes,,0,"3693,4","3693,4",,Stratégie RH,"812,04",0,"812,04",,Stratégie RH
TTKSseR4Q7uJmFqKVGKCfQ,Prévisions des ventes,IZ1wMsupSRC0s9d-D1bOjw,Ventes,,0,"3693,4","3693,4",,Stratégie RH,"812,04",0,"812,04",,Stratégie RH
DYCOMq03R3SOM0jPDAnLdQ,Vente interne,IZ1wMsupSRC0s9d-D1bOjw,Ventes,,0,"3693,4","3693,4",,Stratégie RH,"812,04",0,"812,04",,Stratégie RH
Fe0Zzxx2TUGF.FHROWpoHg,Vente sur le terrain,IZ1wMsupSRC0s9d-D1bOjw,Ventes,,0,"3693,4","3693,4",,Stratégie RH,"812,04",0,"812,04",,Stratégie RH
JM0b7gKvROqza-qrxPhivw,Planification de la production,Gi7DT8K.Q1GgBn2G-pgMww,Production,,0,"3693,4","3693,4",,Stratégie RH,"812,04",0,"812,04",,Stratégie RH
onPhvCdYT7ObT8v9-vtkoQ,Contrôle qualité,Gi7DT8K.Q1GgBn2G-pgMww,Production,,0,"3693,4","3693,4",,Stratégie RH,"812,04",0,"812,04",,Stratégie RH
ihlKS4YuQ92XXKvxF.1yCg,Ingénierie des procédés,Gi7DT8K.Q1GgBn2G-pgMww,Production,,0,"3693,4","3693,4",,Stratégie RH,"812,04",0,"812,04",,Stratégie RH
xzVCMk-vQuyf-Tnoq6t9Gg,Gestion des stocks,Gi7DT8K.Q1GgBn2G-pgMww,Production,,0,"3693,4","3693,4",,Stratégie RH,"812,04",0,"812,04",,Stratégie RH
XacC-M.TSFCyQhCa.6drAA,Opérations de fabrication,Gi7DT8K.Q1GgBn2G-pgMww,Production,,0,"3693,4","3693,4",,Stratégie RH,"812,04",0,"812,04",,Stratégie RH
Fu1XmaR9Toe4npcpJ.GpjQ,Maintenance,Gi7DT8K.Q1GgBn2G-pgMww,Production,,0,"3693,4","3693,4",,Stratégie RH,"812,04",0,"812,04",,Stratégie RH
ndkIaXsrSPqdAsUNkObIMQ,Gestion de la sécurité,Gi7DT8K.Q1GgBn2G-pgMww,Production,,0,"3693,4","3693,4",,Stratégie RH,"812,04",0,"812,04",,Stratégie RH
SN7xP7qFRsOkg3Hi9wDCHA,Amélioration continue,Gi7DT8K.Q1GgBn2G-pgMww,Production,,0,"3693,4","3693,4",,Stratégie RH,"812,04",0,"812,04",,Stratégie RH
VG3cpBatRrOyXNReGWHc0w,"Intégration de la chaîne
  d'approvisionnement",Gi7DT8K.Q1GgBn2G-pgMww,Production,,0,"3693,4","3693,4",,Stratégie RH,"812,04",0,"812,04",,Stratégie RH
k-PMsS9ARDu3bR14vzA5xg,Gestion d'entrepôt,vbywqheOQIWrDowOWWTzLQ,Logistique,,0,"3693,4","3693,4",,Stratégie RH,"812,04",0,"812,04",,Stratégie RH
SFjtOzP2S1Cro7h4AhthKg,Gestion du transport,vbywqheOQIWrDowOWWTzLQ,Logistique,,0,"3693,4","3693,4",,Stratégie RH,"812,04",0,"812,04",,Stratégie RH
ixbAtDSXQ4OV7yQBRxy5Qg,Contrôle des stocks,vbywqheOQIWrDowOWWTzLQ,Logistique,,0,"3693,4","3693,4",,Stratégie RH,"812,04",0,"812,04",,Stratégie RH
GA-6niT.SfKNGClpTsU.qg,Exécution des commandes,vbywqheOQIWrDowOWWTzLQ,Logistique,,0,"3693,4","3693,4",,Stratégie RH,"812,04",0,"812,04",,Stratégie RH
jPFEqsTnSaCDVuI4xLHSEA,Planification de la demande,vbywqheOQIWrDowOWWTzLQ,Logistique,,0,"3693,4","3693,4",,Stratégie RH,"812,04",0,"812,04",,Stratégie RH
nAcQ8psKSOehxILp6CGHeg,Logistique inverse,vbywqheOQIWrDowOWWTzLQ,Logistique,,0,"3693,4","3693,4",,Stratégie RH,"812,04",0,"812,04",,Stratégie RH
1IM6vkLWRkmxeu8tymBsWg,Conception du réseau de distribution,vbywqheOQIWrDowOWWTzLQ,Logistique,,0,"3693,4","3693,4",,Stratégie RH,"812,04",0,"812,04",,Stratégie RH
qr216bqhQ92Kb-Bb2XxUug,Conformité douanière et commerciale,vbywqheOQIWrDowOWWTzLQ,Logistique,,0,"3693,4","3693,4",,Stratégie RH,"812,04",0,"812,04",,Stratégie RH
OnH0KEKBSbyHr7uH3SWxsQ,Gestion de la recherche,sgzDg5y.QQ-Tp43t8LDFJg,R&D - Innovation,,0,"3693,4","3693,4",,Stratégie RH,"812,04",0,"812,04",,Stratégie RH
173X7JnxQte2hdK90.2uyQ,Développement de produits,sgzDg5y.QQ-Tp43t8LDFJg,R&D - Innovation,,0,"3693,4","3693,4",,Stratégie RH,"812,04",0,"812,04",,Stratégie RH
CV7a1cKbQLmFJbTw9yefVw,Veille technologique,sgzDg5y.QQ-Tp43t8LDFJg,R&D - Innovation,,0,"3693,4","3693,4",,Stratégie RH,"812,04",0,"812,04",,Stratégie RH
jAt6nFEVTGixmhQaWfaQHw,Gestion de la propriété intellectuelle,sgzDg5y.QQ-Tp43t8LDFJg,R&D - Innovation,,0,"3693,4","3693,4",,Stratégie RH,"812,04",0,"812,04",,Stratégie RH
6xtPVnyoQz6hjOS-vnuEgg,Stratégie d'innovation,sgzDg5y.QQ-Tp43t8LDFJg,R&D - Innovation,,0,"3693,4","3693,4",,Stratégie RH,"812,04",0,"812,04",,Stratégie RH
a-y5y.hT8T4SfscUQbVo2Rg,Prototypage et tests,sgzDg5y.QQ-Tp43t8LDFJg,R&D - Innovation,,0,"3693,4","3693,4",,Stratégie RH,"812,04",0,"812,04",,Stratégie RH
0OyPUK60RY6iq.Zq.3COTg,Innovation ouverte,sgzDg5y.QQ-Tp43t8LDFJg,R&D - Innovation,,0,"3693,4","3693,4",,Stratégie RH,"812,04",0,"812,04",,Stratégie RH
ifGJXrNgQAmnxQJV8Fso1w,Design thinking,sgzDg5y.QQ-Tp43t8LDFJg,R&D - Innovation,,0,"3693,4","3693,4",,Stratégie RH,"812,04",0,"812,04",,Stratégie RH
Ned4il.aQFO1pO03YSpi2Q,Stratégie IT,aGPwwZzPSqWXyo7X1c4KnA,IT,,0,"3693,4","3693,4",,Stratégie RH,"812,04",0,"812,04",,Stratégie RH
A2ywS3hCTlWeWhsuCX8X7g,Gestion de l'infrastructure,aGPwwZzPSqWXyo7X1c4KnA,IT,,0,"3693,4","3693,4",,Stratégie RH,"812,04",0,"812,04",,Stratégie RH
uODiTVjgRQ2xi98B-gORtg,Développement d'applications,aGPwwZzPSqWXyo7X1c4KnA,IT,,0,"3693,4","3693,4",,Stratégie RH,"812,04",0,"812,04",,Stratégie RH
uqaD1cWJRNOMVWC1cimqRw,Cybersécurité,aGPwwZzPSqWXyo7X1c4KnA,IT,,0,"3693,4","3693,4",,Stratégie RH,"812,04",0,"812,04",,Stratégie RH
vvF.VrDyQ86DTSnUV2BVCg,Support IT / Service d'assistance,aGPwwZzPSqWXyo7X1c4KnA,IT,,0,"3693,4","3693,4",,Stratégie RH,"812,04",0,"812,04",,Stratégie RH
UaiEsslvRqCbPCp4cgGiRQ,Gestion des données,aGPwwZzPSqWXyo7X1c4KnA,IT,,0,"3693,4","3693,4",,Stratégie RH,"812,04",0,"812,04",,Stratégie RH
MAJSeyOwQLOazFx4APlPfg,Services cloud,aGPwwZzPSqWXyo7X1c4KnA,IT,,0,"3693,4","3693,4",,Stratégie RH,"812,04",0,"812,04",,Stratégie RH
BSpz-Wa-Qei71zrgUzQotg,Gestion de projets IT,aGPwwZzPSqWXyo7X1c4KnA,IT,,0,"3693,4","3693,4",,Stratégie RH,"812,04",0,"812,04",,Stratégie RH
lkhbAvFVS0GFYDMDKRG3aw,Architecture d'entreprise,aGPwwZzPSqWXyo7X1c4KnA,IT,,0,"3693,4","3693,4",,Stratégie RH,"812,04",0,"812,04",,Stratégie RH
8jF-.oLyRyycLko7Sidatg,Planification et analyse financière,MphOkznZQQifLz3BgEr.4A,Finance,,0,"3693,4","3693,4",,Stratégie RH,"812,04",0,"812,04",,Stratégie RH
qXShFnbBSi6Aq1.NkR.iJw,Comptabilité,MphOkznZQQifLz3BgEr.4A,Finance,,0,"3693,4","3693,4",,Stratégie RH,"812,04",0,"812,04",,Stratégie RH
VWjpehXOQ06ssg9KgPROjA,Trésorerie,MphOkznZQQifLz3BgEr.4A,Finance,,0,"3693,4","3693,4",,Stratégie RH,"812,04",0,"812,04",,Stratégie RH
u0eozu3FQQ-aIkT4CIDqDw,Fiscalité,MphOkznZQQifLz3BgEr.4A,Finance,,0,"3693,4","3693,4",,Stratégie RH,"812,04",0,"812,04",,Stratégie RH
EiigS-exRiOkh781EsL3Qw,Relations investisseurs,MphOkznZQQifLz3BgEr.4A,Finance,,0,"3693,4","3693,4",,Stratégie RH,"812,04",0,"812,04",,Stratégie RH
KchhDYv8SkSBRM5DsBLftA,Audit,MphOkznZQQifLz3BgEr.4A,Finance,,0,"3693,4","3693,4",,Stratégie RH,"812,04",0,"812,04",,Stratégie RH
kncddrZTTgWI6n-NHwsaDg,Gestion des risques,MphOkznZQQifLz3BgEr.4A,Finance,,0,"3693,4","3693,4",,Stratégie RH,"812,04",0,"812,04",,Stratégie RH
qZ3cMCNPTdaJrAYSogt8Ng,Fusions et acquisitions,MphOkznZQQifLz3BgEr.4A,Finance,,0,"3693,4","3693,4",,Stratégie RH,"812,04",0,"812,04",,Stratégie RH
0bPEDxClSH2Ik0.dKgiNxw,Reporting financier,MphOkznZQQifLz3BgEr.4A,Finance,,0,"3693,4","3693,4",,Stratégie RH,"812,04",0,"812,04",,Stratégie RH
9jR3f.YVRdSOtsnILmI9Og,Droit des sociétés,pC2r1rY4QCuts0gTNddS2g,Juridique,,0,"3693,4","3693,4",,Stratégie RH,"812,04",0,"812,04",,Stratégie RH
dk1wjBHQR3KOQ86ZvbpyTg,Gestion des contrats,pC2r1rY4QCuts0gTNddS2g,Juridique,,0,"3693,4","3693,4",,Stratégie RH,"812,04",0,"812,04",,Stratégie RH
8UlFGhNSQouXv7gvtkex7Q,Droit de la propriété intellectuelle,pC2r1rY4QCuts0gTNddS2g,Juridique,,0,"3693,4","3693,4",,Stratégie RH,"812,04",0,"812,04",,Stratégie RH
a0kWmDHiR5S3wcWqyA98GA,Conformité,pC2r1rY4QCuts0gTNddS2g,Juridique,,0,"3693,4","3693,4",,Stratégie RH,"812,04",0,"812,04",,Stratégie RH
0v1iZMilTa2b5DJrv9mxGQ,Gestion des litiges,pC2r1rY4QCuts0gTNddS2g,Juridique,,0,"3693,4","3693,4",,Stratégie RH,"812,04",0,"812,04",,Stratégie RH
9QYdC.gGSvudHrUbt2indw,Droit du travail,pC2r1rY4QCuts0gTNddS2g,Juridique,,0,"3693,4","3693,4",,Stratégie RH,"812,04",0,"812,04",,Stratégie RH
jPWk5lFBQOGdl8CcoKDPlA,Gouvernance d'entreprise,pC2r1rY4QCuts0gTNddS2g,Juridique,,0,"3693,4","3693,4",,Stratégie RH,"812,04",0,"812,04",,Stratégie RH
Ia0JKYHETIyikEhV76LXzQ,Affaires réglementaires,pC2r1rY4QCuts0gTNddS2g,Juridique,,0,"3693,4","3693,4",,Stratégie RH,"812,04",0,"812,04",,Stratégie RH
dRJvwpMASXOSBueO4hR01A,Stratégie d'entreprise,YPtKMttkTXigGSu-GtWLJg,Stratégie,,0,"3693,4","3693,4",,Stratégie RH,"812,04",0,"812,04",,Stratégie RH
NLl2XAc5R8WcM8OE-W-C3w,Stratégie d'unité d'affaires,YPtKMttkTXigGSu-GtWLJg,Stratégie,,0,"3693,4","3693,4",,Stratégie RH,"812,04",0,"812,04",,Stratégie RH
L2lzyzrRT6qRU.T-MYkiBQ,Planification stratégique,YPtKMttkTXigGSu-GtWLJg,Stratégie,,0,"3693,4","3693,4",,Stratégie RH,"812,04",0,"812,04",,Stratégie RH
Ax03GvkjS4m2NH6ibv6HDg,Intelligence d'affaires,YPtKMttkTXigGSu-GtWLJg,Stratégie,,0,"3693,4","3693,4",,Stratégie RH,"812,04",0,"812,04",,Stratégie RH
eV-s1pnwQr-3GsU9L50Tqw,Veille concurrentielle,YPtKMttkTXigGSu-GtWLJg,Stratégie,,0,"3693,4","3693,4",,Stratégie RH,"812,04",0,"812,04",,Stratégie RH
HpJ6QfobSoOTcdKnaOAeyg,Gestion de portefeuille,YPtKMttkTXigGSu-GtWLJg,Stratégie,,0,"3693,4","3693,4",,Stratégie RH,"812,04",0,"812,04",,Stratégie RH
j32zoN3NSAejo9D7ttkbGQ,Partenariats stratégiques,YPtKMttkTXigGSu-GtWLJg,Stratégie,,0,"3693,4","3693,4",,Stratégie RH,"812,04",0,"812,04",,Stratégie RH
gsMsbEBTSkWBGfHYHzl9aw,Stratégie de durabilité,YPtKMttkTXigGSu-GtWLJg,Stratégie,,0,"3693,4","3693,4",,Stratégie RH,"812,04",0,"812,04",,Stratégie RH
3xw7CBsjTOy0ClW0DCnNHw,Gestion des fournisseurs,ENYFzOgyQM2g3xNstVw89w,Achat,,0,"3693,4","3693,4",,Stratégie RH,"812,04",0,"812,04",,Stratégie RH
a-bp65MlzThSlH7XzOnsdsg,Approvisionnement stratégique,ENYFzOgyQM2g3xNstVw89w,Achat,,0,"3693,4","3693,4",,Stratégie RH,"812,04",0,"812,04",,Stratégie RH
keNjGbeGRpiaXv178c-CXg,Négociation de contrats,ENYFzOgyQM2g3xNstVw89w,Achat,,0,"3693,4","3693,4",,Stratégie RH,"812,04",0,"812,04",,Stratégie RH
DQDnYZu1Q9GCqMIGlywBYA,Analyse des dépenses,ENYFzOgyQM2g3xNstVw89w,Achat,,0,"3693,4","3693,4",,Stratégie RH,"812,04",0,"812,04",,Stratégie RH
FNmhOHs.SM6Ksc1PphJb2Q,Opérations d'achat,ENYFzOgyQM2g3xNstVw89w,Achat,,0,"3693,4","3693,4",,Stratégie RH,"812,04",0,"812,04",,Stratégie RH
mJAI6QkJTkSXs9j-L6h12Q,Gestion des risques fournisseurs,ENYFzOgyQM2g3xNstVw89w,Achat,,0,"3693,4","3693,4",,Stratégie RH,"812,04",0,"812,04",,Stratégie RH
MjvnYEPUT0edUiGEoWletQ,Gestion des catégories,ENYFzOgyQM2g3xNstVw89w,Achat,,0,"3693,4","3693,4",,Stratégie RH,"812,04",0,"812,04",,Stratégie RH
YiZwBeylRpG-UKjXygx5Rw,Approvisionnement durable,ENYFzOgyQM2g3xNstVw89w,Achat,,0,"3693,4","3693,4",,Stratégie RH,"812,04",0,"812,04",,Stratégie RH